Sepult;Sex;classe_age;Type_inhumation;Arrangement;Position_corps;Orientation_tete;Orientation_Face;Position_mains;Nb_actes;Mobilier;Nb_Mobilier;mob_tete;mob_membre_inf;mob_thorax;mob_dos;mob_devant_corps;mob_contre_jarre;mob_dans_jarre;mob_exterieur_coffre;mob_dans_coffre;mob_contre_paroi;mob_dans_remplissage;Signalisation;pelle ;Ornement ;Nb_Ornement;orn_Porte;orn_Nonporte;Coquillage;Aspatharia_unio;Perles;Fard;Outils;Prosterne;Decoupe
166;Indet;10_15;Coffre;In situ;G;S;SO;thorax;5;1;1;0;0;0;0;0;0;0;1;0;0;0;0;0;1;1;1;0;0;0;1;0;0;0;1
168;Indet;10_15;fosse simple;Hypercontraction;D;S;E;asymetrique_jambe_tete ;2;1;1;0;0;0;0;0;0;0;0;0;0;0;1;0;0;0;0;0;0;0;0;0;0;0;0
554;Indet;10_15;fosse simple;Hypercontraction;G;S;Sol;tete;3;1;4;1;1;0;0;0;0;0;0;0;0;0;0;0;0;0;0;0;0;0;0;1;1;0;0
843;Indet;10_15;Coffre;Hypercontraction;G;SE;NO;asymetrique_thorax_tete ;4;1;1;0;0;0;0;0;0;0;0;1;0;0;0;0;1;3;1;0;0;0;0;0;0;0;0
845;Indet;10_15;Pot;In situ;Assis;O;Sol;asymetrique_thorax_tete ;2;0;0;0;0;0;0;0;0;0;0;0;0;0;0;0;0;0;0;0;0;0;0;0;0;0;0
888;Indet;10_15;fosse simple;Hypercontraction;Ventre;N;Sol;asymetrique_thorax_tete ;1;0;0;0;0;0;0;0;0;0;0;0;0;0;0;0;1;1;1;0;0;0;0;0;0;0;0
399;Indet;1_5;Pot;Hypercontraction;Assis;NO;sol;Jambes;3;0;0;0;0;0;0;0;0;0;0;0;0;0;0;0;0;0;0;0;0;0;0;0;0;0;0
409;Indet;1_5;fosse simple;Hypercontraction;Assis;S;NO;tete;2;0;0;0;0;0;0;0;0;0;0;0;0;0;1;0;0;0;0;0;0;0;0;1;0;0;0
448;Indet;1_5;fosse simple;In situ;G;SE;S;tete;1;0;0;0;0;0;0;0;0;0;0;0;0;0;0;0;0;0;0;0;0;0;0;1;0;0;0
455;Indet;1_5;fosse simple;In situ;D;E;NO;tete;3;1;1;0;1;0;0;0;0;0;0;0;0;0;0;0;0;0;0;0;0;0;0;0;0;0;0
457;Indet;1_5;fosse simple;Hypercontraction;Dos;SO;ciel;asymetrique_jambe_thorax;3;0;0;0;0;0;0;0;0;0;0;0;0;0;0;0;0;0;0;0;0;0;0;0;0;0;0
478;Indet;1_5;fosse simple;Hypercontraction;G;SE;N;tete;4;1;1;0;0;0;0;1;0;0;0;0;0;0;0;0;0;0;0;0;0;0;0;0;0;0;0
480;Indet;1_5;fosse simple;Hypercontraction;Dos;E;N;tete;3;1;7;0;0;0;0;0;0;0;0;0;0;0;0;0;1;1;0;0;0;0;0;0;0;0;0
494;Indet;1_5;Pot;Hypercontraction;G;E;sol;Jambes;3;1;2;0;0;0;0;0;0;0;0;0;0;0;0;0;1;1;0;1;1;0;0;0;0;0;0
498;Indet;1_5;fosse simple;Hypercontraction;G;SE;Sol;tete;2;1;1;1;0;0;0;0;0;0;0;0;0;0;0;0;1;2;1;0;0;0;0;1;0;0;0
500;Indet;1_5;fosse simple;Hypercontraction;Ventre;SE;Sol;asymetrique_thorax_tete ;5;1;4;1;1;1;0;0;0;0;0;0;0;0;0;0;0;0;0;0;0;0;0;1;0;0;0
504;Indet;1_5;fosse simple;Hypercontraction;Ventre;S;Sol;tete;2;1;2;1;0;0;0;0;0;0;0;0;0;0;0;0;0;0;0;0;0;0;0;0;0;0;0
506;Indet;1_5;fosse simple;In situ;G;SE;Sol;asymetrique_thorax_tete ;2;1;1;1;0;0;0;0;0;0;0;0;0;0;0;0;0;0;0;0;0;0;0;0;0;0;0
507;Indet;1_5;fosse simple;In situ;G;SE;Sol;tete;2;1;1;1;0;0;0;0;0;0;0;0;0;0;0;0;0;0;0;0;0;0;0;0;0;0;0
508;Indet;1_5;fosse simple;In situ;G;SE;Sol;tete;3;1;3;1;0;1;0;0;0;0;0;0;0;1;1;0;1;7;1;0;1;0;1;0;1;0;0
510;Indet;1_5;Coffre;In situ;G;S;O;Jambes;2;1;4;1;0;0;0;0;0;0;0;1;0;0;0;0;1;4;1;1;1;0;1;1;0;0;0
512;Indet;1_5;Pot;In situ;D;NO;S;tete;3;1;1;0;0;0;0;0;1;0;0;0;0;0;0;0;0;0;0;0;0;0;0;0;0;0;0
516;Indet;1_5;fosse simple;Hypercontraction;G;SE;O;tete;2;1;3;0;0;0;0;0;0;0;0;0;0;1;0;0;0;0;0;0;0;0;0;0;0;0;0
518;Indet;1_5;fosse simple;In situ;G;E;SO;asymetrique_jambe_tete ;1;0;0;0;0;0;0;0;0;0;0;0;0;0;0;0;0;0;0;0;0;0;0;0;0;0;0
522;Indet;1_5;Pot;amene en pot;D;SE;NE;Jambes;3;0;0;0;0;0;0;0;0;0;0;0;0;0;0;0;0;0;0;0;0;0;0;0;0;0;0
524;Indet;1_5;fosse simple;In situ;G;SE;O;tete;3;1;2;1;1;0;0;0;0;0;0;0;0;0;0;0;1;3;1;0;0;0;1;0;0;0;0
528;Indet;1_5;fosse simple;Hypercontraction;G;SE;Sol;tete;3;1;2;0;1;1;0;0;0;0;0;0;0;0;0;0;1;1;0;1;0;1;0;1;1;0;0
530;Indet;1_5;fosse simple;In situ;G;S;O;tete;2;1;1;0;0;0;0;0;0;0;0;0;0;0;0;0;0;0;0;0;0;0;0;0;0;0;0
532;Indet;1_5;fosse simple;In situ;Assis;N;SE;thorax;5;1;3;1;0;0;0;0;0;0;0;0;0;0;0;0;1;2;1;0;0;0;1;0;0;0;0
533;Indet;1_5;fosse simple;In situ;G;S;O;tete;3;1;3;1;0;0;0;0;0;0;0;0;0;0;0;0;1;4;1;0;0;0;1;1;0;0;0
535;Indet;1_5;Pot;Hypercontraction;Ventre;SE;Sol;tete;5;1;1;1;0;0;0;0;0;0;0;0;0;0;1;0;0;0;0;0;0;0;0;0;0;0;0
537;Indet;1_5;fosse simple;In situ;G;SE;O;asymetrique_jambe_tete ;4;1;2;0;0;0;0;0;0;0;0;0;1;0;1;0;0;0;0;0;0;0;0;0;0;0;0
539;Indet;1_5;Pot;amene en pot;Dos;SE;N;Jambes;3;1;2;0;0;0;0;0;1;0;0;0;0;0;0;0;0;0;0;0;0;0;0;0;0;0;0
540;Indet;1_5;Pot;amene en pot;Dos;SE;Sol;Jambes;3;1;2;0;0;0;0;0;1;0;0;0;0;0;0;0;0;0;0;0;0;0;0;0;0;0;0
541;Indet;1_5;Pot;Hypercontraction;Ventre;S;S;asymetrique_jambe_thorax;3;1;1;0;0;0;0;0;1;0;0;0;0;0;0;0;0;0;0;0;0;0;0;0;0;0;0
544;Indet;1_5;fosse simple;In situ;G;SE;O;thorax;3;1;5;1;1;0;0;1;0;0;0;0;0;0;0;0;1;3;1;0;0;0;1;1;0;0;0
546;Indet;1_5;fosse simple;In situ;G;S;O;Jambes;2;1;5;0;1;0;1;1;0;0;0;0;0;0;0;0;0;0;0;0;0;0;0;1;0;0;0
549;Indet;1_5;fosse simple;In situ;Dos;S;NO;Jambes;3;1;5;1;1;0;0;0;0;0;0;0;0;0;0;0;1;7;1;1;1;0;1;1;1;0;0
550;Indet;1_5;Pot;Hypercontraction;D;S;E;thorax;3;1;2;1;0;0;0;0;0;0;0;0;0;0;0;0;0;0;0;0;0;0;0;0;0;0;0
551;Indet;1_5;fosse simple;Hypercontraction;G;SE;O;tete;3;1;2;1;0;0;0;0;0;0;0;0;0;0;0;0;0;0;0;0;1;0;0;0;0;0;0
552;Indet;1_5;fosse simple;Hypercontraction;G;SE;NO;Jambes;4;1;4;1;1;0;0;0;0;0;0;0;0;1;0;0;1;11;0;1;0;0;1;1;0;0;0
558;Indet;1_5;fosse simple;Hypercontraction;G;SE;SO;tete;2;1;2;1;1;0;0;0;0;0;0;0;0;0;0;0;0;0;0;0;0;0;0;0;0;0;0
559;Indet;1_5;fosse simple;Hypercontraction;Ventre;SE;Sol;thorax;3;1;7;1;1;1;0;1;0;0;0;0;0;0;0;1;1;13;1;0;0;0;1;1;1;0;0
560;Indet;1_5;fosse simple;Hypercontraction;G;SE;NO;tete;3;1;1;0;0;1;0;0;0;0;0;0;0;0;1;0;1;2;1;0;0;0;1;1;0;0;0
565;Indet;1_5;fosse simple;In situ;G;SE;O;tete;2;0;0;0;0;0;0;0;0;0;0;0;0;0;0;1;0;0;0;0;0;0;0;0;0;0;0
570;Indet;1_5;fosse simple;Hypercontraction;G;SE;N;tete;2;1;3;0;1;0;0;0;0;0;0;0;1;0;1;0;0;0;0;0;0;0;0;1;1;0;0
571;Indet;1_5;fosse simple;In situ;G;SE;O;tete;1;0;0;0;0;0;0;0;0;0;0;0;0;0;0;0;0;0;0;0;0;0;0;0;0;0;0
573;Indet;1_5;fosse simple;In situ;G;S;Sol;tete;2;1;1;0;0;0;0;0;0;0;0;0;1;0;1;0;0;0;0;0;0;0;0;0;1;0;0
577;Indet;1_5;fosse simple;In situ;G;SE;Sol;tete;2;1;1;1;0;0;0;0;0;0;0;0;0;0;1;0;0;0;0;0;0;0;0;0;0;0;0
578;Indet;1_5;fosse simple;In situ;G;E;O;tete;2;1;1;1;0;0;0;0;0;0;0;0;0;0;0;0;1;2;1;0;1;0;0;0;0;0;0
579;Indet;1_5;fosse simple;In situ;G;SE;O;asymetrique_jambe_tete ;1;0;0;0;0;0;0;0;0;0;0;0;0;0;0;0;0;0;0;0;0;0;0;0;0;0;0
581;Indet;1_5;Pot;In situ;G;SE;Sol;asymetrique_jambe_tete ;3;0;0;0;0;0;0;0;0;0;0;0;0;0;0;0;0;0;0;0;0;0;0;0;0;0;0
582;Indet;1_5;fosse simple;In situ;G;E;S;asymetrique_jambe_thorax;3;1;3;1;0;1;0;0;0;0;0;0;0;0;0;0;0;0;0;0;0;0;0;0;1;0;0
583;Indet;1_5;fosse simple;In situ;G;SE;Sol;Jambes;2;1;3;1;0;0;0;0;0;0;0;0;1;0;0;0;0;0;0;0;0;0;0;0;0;0;0
584;Indet;1_5;Pot;amene en pot;G;NE;Sol;thorax;4;1;3;0;0;0;0;0;1;0;0;0;0;0;0;0;0;0;0;0;0;0;0;0;0;0;0
590;Indet;1_5;Pot;Hypercontraction;D;S;E;asymetrique_jambe_thorax;3;1;3;1;0;0;0;0;1;0;0;0;0;0;0;0;1;1;1;0;0;0;0;0;0;0;0
591;Indet;1_5;Pot;Hypercontraction;D;NE;O;Jambes;2;0;0;0;0;0;0;0;0;0;0;0;0;0;0;0;1;1;1;0;0;0;1;0;0;0;0
592;Indet;1_5;fosse simple;Hypercontraction;G;NO;E;tete;2;1;2;1;0;0;0;0;0;0;0;0;0;0;0;0;1;2;1;0;0;0;1;0;0;0;0
593;Indet;1_5;fosse simple;Hypercontraction;G;SE;sol;asymetrique_jambe_tete ;2;1;1;1;0;0;0;0;0;0;0;0;0;0;0;0;1;1;1;0;0;0;1;0;0;0;0
597;Indet;1_5;fosse simple;Hypercontraction;G;SE;Sol;tete;3;1;4;1;1;1;0;0;0;0;0;0;0;0;0;0;1;1;0;0;0;0;0;0;0;0;0
601;Indet;1_5;fosse simple;In situ;G;SE;O;Jambes;1;0;0;0;0;0;0;0;0;0;0;0;0;0;0;0;1;1;1;0;0;0;0;0;0;0;0
604;Indet;1_5;fosse simple;In situ;G;SE;SO;asymetrique_thorax_tete ;2;1;4;1;1;0;0;0;0;0;0;0;0;0;0;0;1;1;1;0;0;0;0;0;0;0;0
605;Indet;1_5;fosse simple;In situ;G;S;S;thorax;3;1;5;0;0;0;0;0;0;0;0;0;0;0;5;0;1;5;1;0;0;0;0;1;0;0;0
607;Indet;1_5;Pot;Hypercontraction;G;SE;O;asymetrique_jambe_tete ;3;1;1;0;0;0;0;0;1;0;0;0;0;0;0;0;0;0;0;0;0;0;0;0;0;0;0
608;Indet;1_5;fosse simple;In situ;G;SE;O;tete;5;1;8;1;0;0;1;0;0;0;0;0;0;1;0;0;1;15;1;0;0;0;1;0;0;0;0
609;Indet;1_5;Pot;In situ;G;NE;S;asymetrique_jambe_thorax;3;1;2;1;0;0;0;0;0;0;0;0;0;0;0;0;1;1;1;0;0;0;0;0;0;0;0
618;Indet;1_5;fosse simple;In situ;Ventre;SE;NE;asymetrique_jambe_thorax;2;1;2;1;0;0;0;0;0;0;0;0;0;0;0;0;0;0;0;0;0;0;0;0;0;0;0
620;Indet;1_5;fosse simple;Hypercontraction;Ventre;SE;Sol;tete;2;1;2;1;1;0;0;0;0;0;0;0;0;0;0;0;0;0;0;0;0;0;0;0;0;0;0
625;Indet;1_5;fosse simple;In situ;G;SO;N;tete;3;1;2;0;0;0;0;0;0;0;0;0;0;1;1;0;0;0;0;0;0;0;0;1;0;0;0
626;Indet;1_5;Pot;In situ;G;SO;Sol;Jambes;4;1;3;0;0;0;0;0;1;1;0;0;0;0;0;0;1;4;0;1;0;0;1;0;0;0;0
629;Indet;1_5;fosse simple;In situ;G;SE;O;tete;2;1;1;0;0;0;0;0;0;0;0;0;0;0;0;0;0;0;0;0;0;1;0;1;0;0;0
630;Indet;1_5;Pot;In situ;D;SE;Sol;thorax;4;1;2;0;0;1;0;0;1;0;0;0;0;0;0;0;1;3;1;0;0;0;0;1;0;0;0
633;Indet;1_5;Pot;Hypercontraction;G;S;Sol;Jambes;4;1;1;0;0;0;0;0;1;0;0;0;0;0;0;0;1;6;1;0;0;0;0;0;0;0;0
636;Indet;1_5;fosse simple;In situ;G;SE;O;tete;2;1;4;1;0;1;0;0;0;0;0;0;0;0;0;0;1;2;0;1;0;0;1;0;0;0;0
637;Indet;1_5;Pot;In situ;Assis;SO;Sol;thorax;4;1;6;0;0;0;0;0;1;0;0;0;0;0;0;0;1;2;1;0;0;0;1;1;0;0;0
638;Indet;1_5;Pot;Hypercontraction;G;SE;Sol;asymetrique_thorax_tete ;4;1;1;0;0;0;0;0;1;0;0;0;0;0;0;0;1;2;1;0;0;0;0;0;0;0;0
644;Indet;1_5;fosse simple;Hypercontraction;G;SE;O;tete;3;1;1;1;0;0;0;0;0;0;0;0;0;0;0;0;1;10;1;0;0;0;0;0;0;0;0
647;Indet;1_5;fosse simple;Hypercontraction;Ventre;SE;Sol;asymetrique_jambe_thorax;2;1;2;1;0;1;0;0;0;0;0;0;0;0;0;0;0;0;0;0;0;0;0;0;0;1;0
648;Indet;1_5;Pot;In situ;D;NO;SO;thorax;2;0;0;0;0;0;0;0;0;0;0;0;0;0;0;0;0;0;0;0;0;0;0;0;0;0;0
649;Indet;1_5;fosse simple;In situ;G;SE;Sol;asymetrique_thorax_tete ;5;1;2;0;0;1;0;0;1;0;0;0;0;0;0;1;1;1;1;0;0;0;0;1;0;0;0
652;Indet;1_5;fosse simple;In situ;G;S;O;tete;1;0;0;0;0;0;0;0;0;0;0;0;0;0;0;0;1;3;1;0;0;0;1;0;0;0;0
653;Indet;1_5;Pot;Hypercontraction;G;SE;NO;Jambes;2;0;0;0;0;0;0;0;0;0;0;0;0;0;0;0;0;0;0;0;0;0;0;0;0;0;0
655;Indet;1_5;fosse simple;In situ;G;SE;O;asymetrique_jambe_tete ;3;1;2;0;0;0;0;0;0;0;0;0;0;1;0;1;0;0;0;0;0;0;0;0;0;0;0
656;Indet;1_5;fosse simple;In situ;G;SE;Sol;tete;2;1;2;1;0;1;0;0;0;0;0;0;0;0;0;0;1;6;1;1;0;0;1;0;0;0;0
662;Indet;1_5;fosse simple;In situ;G;SE;O;tete;4;1;3;1;0;0;0;0;0;0;0;0;1;0;0;0;0;0;0;0;0;1;0;1;0;0;0
663;Indet;1_5;fosse simple;In situ;G;SE;O;tete;2;1;1;0;1;0;0;0;0;0;0;0;0;0;0;0;0;0;0;0;0;0;0;0;0;0;0
664;Indet;1_5;fosse simple;In situ;G;SE;O;tete;3;1;3;0;0;0;0;0;0;0;0;0;1;0;0;0;0;0;0;0;0;0;0;1;0;0;0
665;Indet;1_5;Pot;Hypercontraction;Dos;SE;Sol;Jambes;2;0;0;0;0;0;0;0;0;0;0;0;0;0;0;0;0;0;0;0;0;0;0;0;0;0;0
666;Indet;1_5;fosse simple;In situ;G;SE;Sol;tete;3;1;2;1;0;1;0;0;0;0;0;0;0;0;0;0;0;0;0;0;0;0;0;0;0;0;0
667;Indet;1_5;fosse simple;In situ;G;S;NO;asymetrique_thorax_tete ;2;1;3;1;1;1;0;0;0;0;0;0;0;0;0;0;1;1;0;1;0;0;1;1;0;0;0
669;Indet;1_5;Pot;In situ;G;O;NO;thorax;3;1;1;0;0;0;0;0;1;0;0;0;0;0;0;0;1;1;0;1;0;0;1;0;0;0;0
671;Indet;1_5;fosse simple;Hypercontraction;G;S;N;Jambes;3;1;2;1;0;0;1;0;0;0;0;0;0;0;1;0;1;2;1;0;0;1;0;1;0;0;0
674;Indet;1_5;fosse simple;In situ;G;E;S;asymetrique_jambe_thorax;3;1;4;1;0;1;0;0;0;0;0;0;0;0;0;0;1;1;0;1;1;1;0;1;0;0;0
679;Indet;1_5;Pot;In situ;G;O;Sol;Jambes;5;1;1;0;0;0;0;0;1;0;0;0;0;0;0;0;1;2;1;0;0;0;1;0;0;0;0
681;Indet;1_5;fosse simple;In situ;G;SE;O;asymetrique_jambe_thorax;4;1;3;1;1;0;0;0;0;0;0;0;0;1;0;0;1;1;1;0;0;0;0;0;0;0;0
686;Indet;1_5;fosse simple;Hypercontraction;G;S;O;tete;2;1;2;1;0;1;0;0;0;0;0;0;0;0;0;0;1;2;1;0;0;1;1;1;0;0;0
687;Indet;1_5;Pot;Hypercontraction;G;SE;NO;asymetrique_jambe_tete ;3;1;1;1;0;0;0;0;0;0;0;0;0;0;0;0;0;0;0;0;0;0;0;0;0;0;0
688;Indet;1_5;Pot;Hypercontraction;Dos;NE;Sol;thorax;3;1;1;0;0;0;0;0;1;0;0;0;0;0;0;0;1;4;1;0;0;0;0;0;0;0;0
689;Indet;1_5;Pot;In situ;G;SO;SO;asymetrique_jambe_thorax;5;1;3;0;0;0;0;0;1;0;0;0;0;0;0;0;0;0;0;0;0;0;0;0;0;0;0
690;Indet;1_5;fosse simple;Hypercontraction;G;E;O;asymetrique_jambe_tete ;2;1;1;1;0;0;0;0;0;0;0;0;0;0;0;0;0;0;0;0;0;0;0;0;0;0;0
701;Indet;1_5;fosse simple;Hypercontraction;G;E;O;asymetrique_jambe_thorax;1;0;0;0;0;0;0;0;0;0;0;0;0;0;0;0;0;0;0;0;0;0;0;0;0;0;0
715;Indet;1_5;Pot;Hypercontraction;G;SE;O;asymetrique_jambe_tete ;3;1;1;0;0;0;0;0;1;0;0;0;0;0;0;0;0;0;0;0;0;0;0;0;0;0;0
720;Indet;1_5;Pot;In situ;G;SE;O;tete;3;0;0;0;0;0;0;0;0;0;0;0;0;0;0;0;1;1;1;0;0;0;1;0;0;0;0
722;Indet;1_5;fosse simple;Hypercontraction;G;SE;O;tete;2;0;0;0;0;0;0;0;0;0;0;0;0;0;0;0;0;0;0;0;0;0;0;0;0;0;0
723;Indet;1_5;fosse simple;In situ;G;SE;O;tete;2;0;0;0;0;0;0;0;0;0;0;0;0;0;0;0;0;0;0;0;0;0;0;0;0;0;0
725;Indet;1_5;fosse simple;Hypercontraction;G;SE;Sol;asymetrique_jambe_thorax;3;1;2;0;0;1;0;0;0;0;0;0;0;0;0;0;0;0;0;0;0;0;0;0;0;0;0
726;Indet;1_5;Pot;Hypercontraction;Dos;SE;NO;tete;2;0;0;0;0;0;0;0;0;0;0;0;0;0;0;0;0;0;0;0;0;0;0;0;0;0;0
731;Indet;1_5;fosse simple;Hypercontraction;G;SE;O;tete;1;0;0;0;0;0;0;0;0;0;0;0;0;0;0;0;0;0;0;0;0;0;0;0;0;0;0
732;Indet;1_5;Pot;In situ;D;O;Sol;tete;2;0;0;0;0;0;0;0;0;0;0;0;0;0;0;0;1;1;1;0;0;0;0;0;0;0;0
738;Indet;1_5;fosse simple;Hypercontraction;G;S;N;asymetrique_jambe_tete ;2;0;0;0;0;0;0;0;0;0;0;0;0;0;0;0;0;0;0;0;0;0;0;0;0;0;0
739;Indet;1_5;fosse simple;In situ;Ventre;SE;SO;tete;3;1;3;1;0;0;0;0;0;0;0;0;0;0;0;0;0;0;0;0;0;0;0;0;0;0;0
749;Indet;1_5;fosse simple;In situ;G;SE;Sol;tete;2;1;1;0;1;0;0;0;0;0;0;0;0;0;0;0;0;0;0;0;0;0;0;0;0;0;0
752;Indet;1_5;Pot;In situ;G;SE;NO;tete;4;1;2;0;0;0;0;0;1;0;0;0;0;0;0;0;1;13;1;0;0;0;1;0;0;0;0
753;Indet;1_5;fosse simple;Hypercontraction;G;SO;Sol;asymetrique_thorax_tete ;1;0;0;0;0;0;0;0;0;0;0;0;0;0;0;0;0;0;0;0;0;0;0;0;0;0;0
754;Indet;1_5;fosse simple;In situ;G;SE;S;tete;3;1;1;0;0;0;1;0;0;0;0;0;0;0;0;0;1;4;1;0;0;0;0;0;0;0;0
755;Indet;1_5;fosse simple;Hypercontraction;D;SE;NE;tete;1;0;0;0;0;0;0;0;0;0;0;0;0;0;0;0;1;1;1;0;0;0;1;0;0;0;0
756;Indet;1_5;fosse simple;Hypercontraction;Ventre;SE;SO;asymetrique_jambe_tete ;3;1;2;0;1;0;0;0;0;0;0;0;0;0;0;0;1;1;1;0;0;0;0;0;0;0;0
760;Indet;1_5;fosse simple;Hypercontraction;Ventre;SE;Sol;tete;3;1;1;1;0;0;0;0;0;0;0;0;0;0;0;0;1;11;1;0;1;0;0;0;0;0;0
761;Indet;1_5;Pot;In situ;Dos;E;S;asymetrique_jambe_thorax;4;1;1;0;0;0;0;0;1;0;0;0;0;0;0;0;0;0;0;0;0;0;0;0;0;0;0
762;Indet;1_5;Pot;In situ;G;SE;O;tete;3;1;2;1;1;0;0;0;0;0;0;0;0;0;0;0;1;1;1;0;0;0;1;0;0;0;0
763;Indet;1_5;fosse simple;Hypercontraction;G;SE;Sol;tete;2;0;0;0;0;0;0;0;0;0;0;0;0;0;0;0;0;0;0;0;0;0;0;0;0;0;0
771;Indet;1_5;Pot;In situ;Dos;SE;NE;asymetrique_thorax_tete ;3;0;0;0;0;0;0;0;0;0;0;0;0;0;0;0;1;5;1;0;0;0;0;0;0;0;0
773;Indet;1_5;fosse simple;In situ;G;SE;O;tete;1;0;0;0;0;0;0;0;0;0;0;0;0;0;0;0;0;0;0;0;0;0;0;0;0;0;0
780;Indet;1_5;fosse simple;Hypercontraction;G;SE;Sol;tete;1;0;0;0;0;0;0;0;0;0;0;0;0;0;0;0;0;0;0;0;0;0;0;0;0;0;0
800;Indet;1_5;fosse simple;In situ;G;SO;NO;asymetrique_thorax_tete ;6;1;3;1;1;0;0;0;0;0;0;0;0;0;1;0;1;1;1;0;0;0;0;1;0;0;0
810;Indet;1_5;fosse simple;In situ;G;SE;SO;tete;3;1;7;1;0;1;0;0;0;0;0;0;0;1;0;0;0;0;0;0;0;1;0;1;0;0;0
813;Indet;1_5;Pot;In situ;G;SO;E;Jambes;4;1;4;0;0;0;0;0;1;0;0;0;0;0;0;0;1;3;1;0;0;1;1;1;0;0;0
815;Indet;1_5;Pot;In situ;G;SE;NO;asymetrique_jambe_tete ;3;1;1;0;0;0;0;0;1;0;0;0;0;0;0;0;0;0;0;0;0;0;0;0;0;0;0
817;Indet;1_5;Pot;In situ;D;E;Sol;asymetrique_thorax_tete ;3;1;1;0;0;0;0;0;1;0;0;0;0;0;0;0;0;0;0;0;0;0;0;0;0;0;0
821;Indet;1_5;fosse simple;Hypercontraction;G;SE;Sol;Jambes;1;0;0;0;0;0;0;0;0;0;0;0;0;0;0;0;0;0;0;0;0;0;0;0;0;0;0
825;Indet;1_5;fosse simple;Hypercontraction;G;SE;SO;tete;2;0;0;0;0;0;0;0;0;0;0;0;0;0;0;1;1;5;1;0;0;0;0;0;0;0;0
826;Indet;1_5;Pot;Hypercontraction;D;SE;NE;thorax;4;1;1;1;0;0;0;0;0;1;0;0;0;0;0;0;0;0;0;0;0;0;0;0;0;0;0
827;Indet;1_5;fosse simple;In situ;G;SE;NO;asymetrique_jambe_thorax;1;0;0;0;0;0;0;0;0;0;0;0;0;0;0;0;0;0;0;0;0;0;0;0;0;0;0
828;Indet;1_5;Pot;In situ;G;E;NO;asymetrique_thorax_tete ;3;1;3;0;0;0;0;0;1;0;0;0;0;0;0;0;0;0;0;0;0;0;0;0;0;0;0
830;Indet;1_5;Pot;In situ;Ventre;O;Sol;asymetrique_jambe_tete ;5;1;2;0;0;0;0;0;1;0;0;0;0;0;0;0;1;1;1;0;0;0;1;0;0;0;0
832;Indet;1_5;fosse simple;In situ;D;O;S;asymetrique_thorax_tete ;1;0;0;0;0;0;0;0;0;0;0;0;0;0;0;0;0;0;0;0;0;0;0;0;0;0;0
834;Indet;1_5;Coffre;Hypercontraction;G;E;NO;tete;4;1;1;0;0;0;0;0;0;0;1;0;0;0;0;0;1;1;1;0;0;0;0;0;0;0;0
836;Indet;1_5;Coffre;Hypercontraction;Dos;SO;N;thorax;4;0;0;0;0;0;0;0;0;0;0;0;0;0;0;0;1;2;1;0;0;0;0;0;0;0;0
851;Indet;1_5;Pot;In situ;D;E;Ciel;asymetrique_thorax_tete ;3;1;2;0;0;0;0;0;0;0;0;0;0;0;0;0;1;2;1;0;0;0;0;0;0;0;0
852;Indet;1_5;Coffre;In situ;D;SE;N;asymetrique_jambe_thorax;2;0;0;0;0;0;0;0;0;0;0;0;0;0;0;0;1;1;1;0;0;0;0;0;0;0;0
857;Indet;1_5;Coffre;In situ;G;SE;O;tete;3;0;0;0;0;0;0;0;0;0;0;0;0;0;0;0;0;0;0;0;0;0;0;0;0;0;0
859;Indet;1_5;Pot;In situ;D;O;NE;tete;2;0;0;0;0;0;0;0;0;0;0;0;0;0;0;0;0;0;0;0;0;0;0;0;0;0;0
867;Indet;1_5;fosse simple;Hypercontraction;G;O;Sol;tete;1;0;0;0;0;0;0;0;0;0;0;0;0;0;0;0;1;2;1;0;0;0;1;0;0;0;0
871;Indet;1_5;Pot;In situ;G;O;Ciel;Jambes;3;1;1;0;0;0;0;0;1;0;0;0;0;0;0;0;0;0;0;0;0;0;0;1;0;0;0
890;Indet;1_5;Pot;Hypercontraction;Dos;O;NE;asymetrique_thorax_tete ;2;1;1;0;0;0;0;0;1;0;0;0;0;0;0;0;0;0;0;0;0;0;0;0;0;0;0
901;Indet;1_5;Pot;Hypercontraction;Ventre;SO;Sol;thorax;2;0;0;0;0;0;0;0;0;0;0;0;0;0;0;0;0;0;0;0;0;0;0;0;0;0;0
916;Indet;1_5;fosse simple;Hypercontraction;G;O;O;asymetrique_jambe_thorax;2;1;2;0;0;0;0;0;0;0;0;0;0;1;1;0;0;0;0;0;0;0;0;0;0;0;0
920;Indet;1_5;Pot;In situ;G;O;E;Jambes;5;1;3;0;0;0;0;0;1;1;0;0;0;0;0;0;1;1;1;0;0;0;0;1;0;0;0
921;Indet;1_5;fosse simple;Hypercontraction;Dos;E;Ciel;asymetrique_thorax_tete ;2;0;0;0;0;0;0;0;0;0;0;0;0;0;0;0;0;0;0;0;0;0;0;0;0;0;0
934;Indet;1_5;Coffre;Hypercontraction;D;SE;Sol;Jambes;4;1;2;0;0;0;0;0;0;0;1;0;0;0;0;0;0;0;0;0;0;0;0;0;0;0;0
935;Indet;1_5;fosse simple;Hypercontraction;D;NE;O;thorax;1;0;0;0;0;0;0;0;0;0;0;0;0;0;0;0;1;1;1;0;0;0;0;0;0;0;0
941;Indet;1_5;fosse simple;Hypercontraction;Ventre;S;Sol;thorax;2;0;0;0;0;0;0;0;0;0;0;0;0;0;0;0;0;0;0;0;0;0;0;0;1;1;0
942;Indet;1_5;Pot;Hypercontraction;G;N;SE;asymetrique_thorax_tete ;3;1;3;0;0;0;0;0;1;0;0;0;0;0;0;0;1;1;1;0;0;0;0;0;0;0;0
955;Indet;1_5;Pot;In situ;Assis;O;Sol;asymetrique_jambe_tete ;3;0;0;0;0;0;0;0;0;0;0;0;0;0;0;0;1;1;1;0;0;0;0;0;0;0;0
963;Indet;1_5;Pot;In situ;Dos;NO;SE;asymetrique_thorax_tete ;2;1;1;0;0;0;0;0;0;0;0;0;0;1;0;0;0;0;0;0;0;0;0;0;0;0;0
966;Indet;1_5;fosse simple;In situ;G;SE;O;tete;2;1;1;1;0;0;0;0;0;0;0;0;0;0;0;0;0;0;0;0;0;0;0;0;0;0;0
968;Indet;1_5;Pot;Hypercontraction;Dos;S;SO;thorax;3;0;0;0;0;0;0;0;0;0;0;0;0;0;0;0;0;0;0;0;0;0;0;0;0;0;0
970;Indet;1_5;fosse simple;In situ;G;SE;O;thorax;4;1;6;1;0;0;0;0;0;0;0;0;0;0;0;0;1;2;1;0;0;0;1;1;1;0;0
971;Indet;1_5;fosse simple;In situ;G;S;SO;tete;3;1;1;0;0;1;0;0;0;0;0;0;0;0;0;0;0;0;0;0;0;0;0;0;0;0;0
973;Indet;1_5;Pot;Hypercontraction;G;SE;O;tete;3;0;0;0;0;0;0;0;0;0;0;0;0;0;0;0;0;0;0;0;0;0;0;0;0;0;0
974;Indet;1_5;fosse simple;In situ;G;S;Sol;thorax;3;1;1;1;0;0;0;0;0;0;0;0;0;0;0;0;1;5;1;0;1;0;0;0;0;0;0
976;Indet;1_5;fosse simple;In situ;G;SE;NO;asymetrique_jambe_tete ;2;0;0;0;0;0;0;0;0;0;0;0;0;0;0;1;1;1;1;0;0;0;0;0;0;0;0
977;Indet;1_5;fosse simple;In situ;G;SE;O;tete;2;1;1;0;1;0;0;0;0;0;0;0;0;0;0;0;1;3;0;1;0;0;1;0;0;0;0
981;Indet;1_5;Pot;Hypercontraction;Ventre;O;Sol;thorax;3;0;0;0;0;0;0;0;0;0;0;0;0;0;0;0;0;0;0;0;0;0;0;0;0;0;0
986;Indet;1_5;fosse simple;Hypercontraction;G;N;E;thorax;1;0;0;0;0;0;0;0;0;0;0;0;0;0;0;0;1;1;1;0;0;0;0;0;0;0;0
996;Indet;1_5;fosse simple;Hypercontraction;G;SE;O;tete;1;0;0;0;0;0;0;0;0;0;0;0;0;0;0;0;1;1;1;0;0;0;1;0;0;0;0
600_B;Indet;1_5;fosse simple;In situ;G;E;SE;Jambes;2;0;0;0;0;0;0;0;0;0;0;0;0;0;0;0;0;0;0;0;0;0;0;0;0;0;0
397;Indet;5_10;fosse simple;Hypercontraction;Ventre;E;NO;thorax;3;1;5;0;0;0;0;0;0;0;0;0;0;0;0;0;0;0;0;0;0;0;1;0;1;0;0
398;Indet;5_10;fosse simple;Hypercontraction;Ventre;SE;Sol;tete;3;0;0;0;0;0;0;0;0;0;0;0;0;0;0;0;0;0;0;0;0;0;0;0;0;1;0
400;Indet;5_10;fosse simple;In situ;Agenouille;S;sol;asymetrique_jambe_tete ;6;1;5;0;0;0;0;0;0;0;0;0;0;1;0;0;1;1;0;0;0;0;1;0;1;1;0
485;Indet;5_10;fosse simple;Hypercontraction;Dos;N;NE;asymetrique_jambe_tete ;3;1;1;0;0;0;1;0;0;0;0;0;0;0;0;0;0;0;0;0;0;0;0;0;0;0;0
501;Indet;5_10;fosse simple;In situ;G;SE;Sol;asymetrique_jambe_thorax;3;1;1;0;0;0;0;0;0;0;0;0;0;1;0;0;1;1;1;0;1;0;1;0;0;0;0
514;Indet;5_10;Coffre;Hypercontraction;Ventre;SE;Sol;tete;2;1;2;0;0;0;0;0;0;0;0;1;0;0;0;0;0;0;0;0;0;0;0;0;0;0;0
515;Indet;5_10;fosse simple;In situ;G;S;NO;tete;5;1;3;1;0;0;0;0;0;0;0;0;0;0;1;0;0;0;0;0;0;0;0;0;0;0;0
520;Indet;5_10;fosse simple;Hypercontraction;G;SE;S;tete;3;0;0;0;0;0;0;0;0;0;0;0;0;0;1;0;0;0;0;0;0;0;0;0;0;0;0
523;Indet;5_10;fosse simple;In situ;G;S;O;asymetrique_thorax_tete ;1;0;0;0;0;0;0;0;0;0;0;0;0;0;0;0;0;0;0;0;0;0;0;0;0;0;0
534;Indet;5_10;fosse simple;Hypercontraction;G;E;S;tete;2;0;0;0;0;0;0;0;0;0;0;0;0;0;0;0;0;0;0;0;0;0;0;0;0;0;0
538;Indet;5_10;fosse simple;In situ;Dos;S;NE;thorax;2;1;1;1;0;0;0;0;0;0;0;0;0;0;0;0;1;1;1;0;0;0;0;0;0;0;0
543;Indet;5_10;fosse simple;Hypercontraction;G;SE;SO;tete;3;1;9;0;0;1;0;0;0;0;0;0;1;0;1;0;1;6;1;0;0;0;0;1;1;0;0
545;Indet;5_10;fosse simple;Hypercontraction;G;SE;Sol;asymetrique_jambe_tete ;3;1;1;0;0;0;0;0;0;0;0;0;0;1;0;0;0;0;0;0;0;0;0;0;0;0;0
553;Indet;5_10;fosse simple;Hypercontraction;G;SE;O;tete;3;1;1;1;0;0;0;0;0;0;0;0;0;0;1;0;0;0;0;0;0;0;0;0;0;0;0
556;Indet;5_10;fosse simple;In situ;G;SE;O;tete;2;1;3;1;0;0;0;0;0;0;0;0;0;0;0;0;0;0;0;0;0;0;0;0;0;0;0
562;Indet;5_10;fosse simple;Hypercontraction;G;S;Sol;tete;2;1;2;1;1;0;0;0;0;0;0;0;0;0;0;0;0;0;0;0;0;0;0;1;0;0;0
595;Indet;5_10;fosse simple;Hypercontraction;G;SE;Sol;tete;2;1;1;1;0;0;0;0;0;0;0;0;0;0;0;0;0;0;0;0;0;0;0;0;0;0;0
635;Indet;5_10;fosse simple;Hypercontraction;Ventre;SE;Sol;thorax;1;0;0;0;0;0;0;0;0;0;0;0;0;0;0;0;0;0;0;0;0;0;0;0;0;0;0
639;Indet;5_10;fosse simple;Hypercontraction;G;SE;O;tete;1;0;0;0;0;0;0;0;0;0;0;0;0;0;0;0;0;0;0;0;0;0;0;0;0;0;0
650;Indet;5_10;fosse simple;In situ;G;SE;O;tete;3;1;4;1;0;1;0;0;0;0;0;0;0;0;0;0;0;0;0;0;0;0;0;1;0;0;0
657;Indet;5_10;fosse simple;Hypercontraction;Ventre;S;Sol;tete;3;1;3;1;0;1;0;0;0;0;0;0;0;0;0;0;0;0;0;0;0;0;0;0;0;0;0
735;Indet;5_10;fosse simple;In situ;G;SE;Sol;asymetrique_thorax_tete ;1;0;0;0;0;0;0;0;0;0;0;0;0;0;0;0;0;0;0;0;0;0;0;0;0;0;0
765;Indet;5_10;fosse simple;Hypercontraction;G;S;Sol;thorax;2;1;2;1;0;0;0;0;0;0;0;0;0;0;0;0;0;0;0;0;1;0;0;0;0;0;0
823;Indet;5_10;fosse simple;Hypercontraction;G;SE;SO;Jambes;3;1;1;0;0;1;0;0;0;0;0;0;0;0;0;0;0;0;0;0;0;0;0;0;0;0;0
824;Indet;5_10;fosse simple;Hypercontraction;G;S;O;asymetrique_jambe_thorax;2;1;1;1;0;0;0;0;0;0;0;0;0;0;0;0;1;1;1;0;0;0;1;1;0;0;0
840;Indet;5_10;fosse simple;Hypercontraction;D;NO;Sol;tete;1;0;0;0;0;0;0;0;0;0;0;0;0;0;0;0;0;0;0;0;0;0;0;0;0;0;0
861;Indet;5_10;fosse simple;Hypercontraction;Dos;NO;NE;thorax;1;0;0;0;0;0;0;0;0;0;0;0;0;0;0;0;1;1;1;0;0;0;0;0;0;0;0
878;Indet;5_10;Coffre;Hypercontraction;Ventre;O;SO;asymetrique_jambe_tete ;3;0;0;0;0;0;0;0;0;0;0;0;0;0;0;0;0;0;0;0;0;0;0;0;0;0;0
886;Indet;5_10;fosse simple;Hypercontraction;D;N;E;thorax;3;1;3;1;0;0;0;0;0;0;0;0;1;1;0;0;0;0;0;0;0;0;0;0;0;0;0
924;Indet;5_10;fosse simple;In situ;D;O;S;asymetrique_thorax_tete ;2;0;0;0;0;0;0;0;0;0;0;0;0;0;0;0;0;0;0;0;0;0;0;0;0;0;0
943;Indet;5_10;Coffre;Hypercontraction;G;NO;SE;tete;3;0;0;0;0;0;0;0;0;0;0;0;0;0;0;0;1;1;1;0;0;0;0;0;0;0;0
987;Indet;5_10;fosse simple;Hypercontraction;D;N;Sol;asymetrique_jambe_tete ;2;0;0;0;0;0;0;0;0;0;0;0;0;0;0;0;0;0;0;0;0;0;0;0;0;0;0
600_A;Indet;5_10;fosse simple;In situ;G;E;SE;Jambes;2;0;0;0;0;0;0;0;0;0;0;0;0;0;0;0;0;0;0;0;0;0;0;0;0;0;0
161;F;>19;Coffre;In situ;G;S;SO;tete;5;1;9;0;0;0;0;0;0;0;0;1;0;0;1;0;1;1;0;0;0;1;1;1;0;0;0
164;F;>19;Coffre;Hypercontraction;G;S;O;tete;3;1;1;0;0;0;0;0;0;0;1;0;0;0;0;0;0;0;0;0;0;0;0;0;0;0;0
447;F;>19;Coffre;Hypercontraction;G;SE;Sol;tete;3;0;0;0;0;0;0;0;0;0;0;0;0;0;0;0;0;0;0;0;0;0;0;0;0;0;0
452;F;>19;fosse simple;Hypercontraction;G;S;O;tete;1;0;0;0;0;0;0;0;0;0;0;0;0;0;0;0;0;0;0;0;0;0;0;0;0;0;0
454;F;>19;fosse simple;In situ;G;S;SO;tete;1;0;0;0;0;0;0;0;0;0;0;0;0;0;0;0;0;0;0;0;0;0;0;1;0;0;0
469;F;>19;fosse simple;In situ;D;S;N;asymetrique_jambe_thorax;3;1;16;0;0;0;0;0;0;0;0;0;0;1;0;0;0;0;0;0;0;0;0;0;0;0;0
471;F;>19;fosse simple;Hypercontraction;Dos;N;SE;asymetrique_jambe_thorax;3;1;19;0;0;0;0;0;0;0;0;0;0;0;0;0;1;2;1;0;0;0;0;0;0;0;0
473;F;>19;Coffre;In situ;D;NO;SO;asymetrique_thorax_tete ;4;1;2;0;0;0;0;0;0;0;0;0;0;0;0;0;1;1;1;0;0;0;1;0;0;0;0
488;F;>19;fosse simple;Hypercontraction;Assis;SO;Sol;asymetrique_jambe_thorax;2;1;2;1;0;0;1;0;0;0;0;0;0;0;1;0;1;6;1;1;0;0;1;0;0;0;0
750;F;>19;fosse simple;Hypercontraction;G;S;NO;tete;5;1;1;1;0;0;0;0;0;0;0;0;0;0;0;0;0;0;0;0;0;0;0;0;0;0;0
833;F;>19;fosse simple;Hypercontraction;G;O;NO;asymetrique_jambe_thorax;1;0;0;0;0;0;0;0;0;0;0;0;0;0;0;0;1;1;1;0;0;0;0;0;0;0;0
837;F;>19;Coffre;Hypercontraction;G;S;O;tete;6;1;1;0;0;0;0;0;0;0;0;1;0;0;0;0;1;3;1;0;0;0;1;1;0;0;0
850;F;>19;fosse simple;Hypercontraction;G;O;Sol;tete;3;1;1;0;1;0;0;0;0;0;0;0;0;0;0;0;0;0;0;0;0;0;0;0;0;0;0
868;F;>19;fosse simple;In situ;D;E;NO;tete;1;0;0;0;0;0;0;0;0;0;0;0;0;0;0;0;1;1;1;0;0;0;1;0;0;0;0
873;F;>19;Coffre;Hypercontraction;D;NO;Sol;asymetrique_thorax_tete ;4;1;1;0;0;0;0;0;0;0;1;0;0;0;1;0;0;0;0;0;0;0;0;0;0;0;0
874;F;>19;Coffre;In situ;D;N;SO;asymetrique_jambe_thorax;11;1;4;0;0;0;0;0;0;0;1;0;0;0;4;0;1;1;1;0;0;0;0;0;0;0;0
876;F;>19;fosse simple;Hypercontraction;D;NO;SO;Jambes;3;1;3;1;0;0;0;0;0;0;0;0;0;1;1;0;0;0;0;0;0;0;0;0;0;0;0
907;F;>19;Coffre;Hypercontraction;G;S;NO;tete;5;1;1;0;0;0;0;0;0;0;1;0;0;0;1;0;1;1;0;0;0;0;0;1;0;0;0
997;F;>19;fosse simple;Hypercontraction;D;E;Sol;Jambes;1;0;0;0;0;0;0;0;0;0;0;0;0;0;0;0;0;0;0;0;0;0;0;0;0;0;0
940;Indet;>19;fosse simple;Hypercontraction;D;O;SE;tete;1;0;0;0;0;0;0;0;0;0;0;0;0;0;0;0;0;0;0;0;0;0;0;0;0;0;0
980;Indet;>19;Coffre;Hypercontraction;Dos;NO;E;asymetrique_thorax_tete ;4;1;1;0;0;0;0;0;0;0;1;0;0;0;0;0;1;1;1;0;0;0;0;0;0;0;0
985;Indet;>19;Coffre;Hypercontraction;G;NO;Sol;asymetrique_jambe_thorax;4;1;1;0;0;0;0;0;0;0;0;0;0;0;1;0;1;1;1;0;0;0;0;0;0;0;0
476;M;>19;fosse simple;Hypercontraction;Ventre;S;Sol;tete;3;1;32;0;0;0;0;0;0;0;0;0;0;1;0;0;0;0;0;0;0;0;0;0;0;1;0
869;M;>19;fosse simple;Hypercontraction;G;O;N;asymetrique_thorax_tete ;4;1;1;1;0;0;0;0;0;0;0;0;0;0;0;0;0;0;0;0;0;0;0;0;0;0;0
895;M;>19;fosse simple;Hypercontraction;Dos;SE;O;thorax;3;1;1;0;0;0;0;0;0;0;0;0;0;0;1;0;0;0;0;0;0;0;0;0;0;0;0
917;M;>19;fosse simple;Hypercontraction;G;NO;Sol;tete;2;0;0;0;0;0;0;0;0;0;0;0;0;0;1;0;0;0;0;0;0;0;0;0;0;0;0
983;M;>19;Coffre;Hypercontraction;Dos;NO;Sol;tete;3;0;0;0;0;0;0;0;0;0;0;0;0;0;0;0;0;0;0;0;0;0;0;0;0;0;0
994;M;>19;fosse simple;Hypercontraction;G;N;Sol;asymetrique_jambe_thorax;3;1;2;0;1;0;0;0;0;0;0;0;0;0;0;0;0;0;0;0;0;0;0;0;0;0;0
998;M;>19;fosse simple;Hypercontraction;G;N;NE;tete;3;1;2;0;1;0;1;0;0;0;0;0;0;0;0;0;0;0;0;0;0;0;0;0;0;0;0
466-B;M;>19;fosse simple;Hypercontraction;Dos;S;Sol;thorax;4;1;21;0;0;0;0;0;0;0;0;0;0;1;0;0;0;0;0;0;0;0;0;0;0;0;0
410;Indet;0_1;fosse simple;Hypercontraction;Ventre;S;Sol;asymetrique_jambe_tete ;3;0;0;0;0;0;0;0;0;0;0;0;0;0;2;0;0;0;0;0;0;0;0;0;1;1;0
443;Indet;0_1;fosse simple;Hypercontraction;Ventre;E;NE;tete;3;1;2;0;0;0;0;0;0;0;0;0;0;0;0;0;1;3;0;1;1;0;1;1;0;0;0
456;Indet;0_1;Coffre;In situ;G;SE;SO;asymetrique_jambe_tete ;3;0;0;0;0;0;0;0;0;0;0;0;0;0;0;0;0;0;0;0;0;0;0;0;0;0;0
489;Indet;0_1;Pot;amene en pot;Assis;E;Sol;Jambes;2;1;2;0;0;0;0;0;0;1;0;0;0;0;0;0;0;0;0;0;0;0;0;0;0;0;0
493;Indet;0_1;Pot;In situ;Ventre;NO;Sol;asymetrique_jambe_tete ;2;1;1;0;0;0;0;0;1;0;0;0;0;0;0;0;1;1;1;0;0;0;0;0;0;0;0
495;Indet;0_1;fosse simple;In situ;G;SE;O;tete;2;0;0;0;0;0;0;0;0;0;0;0;0;0;0;0;1;4;1;0;0;1;0;1;0;0;0
497;Indet;0_1;fosse simple;In situ;G;SE;NO;tete;1;0;0;0;0;0;0;0;0;0;0;0;0;0;0;0;0;0;0;0;0;0;0;0;0;0;0
499;Indet;0_1;fosse simple;Hypercontraction;Dos;SO;SE;tete;2;1;3;1;1;0;0;0;0;0;0;0;0;0;0;0;1;2;1;0;0;0;0;0;0;0;0
505;Indet;0_1;Pot;amene en pot;Dos;O;S;thorax;4;1;1;0;0;0;0;0;1;0;0;0;0;0;0;0;0;0;0;0;0;0;0;0;0;0;0
509;Indet;0_1;Pot;amene en pot;Dos;SE;S;Jambes;3;0;0;0;0;0;0;0;0;0;0;0;0;0;0;0;0;0;0;0;0;0;0;0;0;0;0
511;Indet;0_1;fosse simple;Hypercontraction;D;O;S;asymetrique_jambe_tete ;2;0;0;0;0;0;0;0;0;0;0;0;0;0;0;0;0;0;0;0;0;0;0;0;0;0;0
513;Indet;0_1;Pot;amene en pot;Ventre;N;Sol;asymetrique_thorax_tete ;3;0;0;0;0;0;0;0;0;0;0;0;0;0;0;0;0;0;0;0;0;0;0;0;0;0;0
517;Indet;0_1;Pot;In situ;G;SE;O;tete;2;0;0;0;0;0;0;0;0;0;0;0;0;0;0;0;0;0;0;0;0;0;0;0;0;0;0
521;Indet;0_1;Pot;Hypercontraction;G;SE;O;asymetrique_jambe_thorax;2;0;0;0;0;0;0;0;0;0;0;0;0;0;0;0;0;0;0;0;0;0;0;0;0;0;0
525;Indet;0_1;fosse simple;In situ;G;S;O;thorax;2;1;1;1;0;0;0;0;0;0;0;0;0;0;0;0;1;1;1;0;0;0;0;0;0;0;0
527;Indet;0_1;Pot;Hypercontraction;G;SE;O;Jambes;2;1;2;1;1;0;0;0;0;0;0;0;0;0;0;0;0;0;0;0;0;0;0;0;0;0;0
529;Indet;0_1;fosse simple;In situ;G;S;O;Jambes;3;1;2;0;0;0;1;0;0;0;0;0;0;0;0;0;0;0;0;0;0;0;0;0;0;0;0
542;Indet;0_1;Pot;amene en pot;G;SE;O;Jambes;4;1;1;0;0;0;0;0;0;0;0;0;0;0;0;0;1;10;1;0;1;0;1;1;0;0;0
561;Indet;0_1;Pot;In situ;G;SE;O;thorax;3;1;3;1;0;1;0;0;0;0;0;0;0;0;0;0;0;0;0;0;1;0;0;0;0;0;0
563;Indet;0_1;Pot;In situ;G;SO;Sol;thorax;1;0;0;0;0;0;0;0;0;0;0;0;0;0;1;0;0;0;0;0;0;0;0;0;0;0;0
564;Indet;0_1;Pot;amene en pot;G;S;O;asymetrique_jambe_thorax;2;0;0;0;0;0;0;0;0;0;0;0;0;0;0;0;0;0;0;0;0;0;0;0;0;0;0
572;Indet;0_1;Pot;In situ;D;S;Sol;Jambes;3;1;1;0;0;0;0;0;0;0;0;0;1;0;0;0;0;0;0;0;0;0;0;0;0;0;0
574;Indet;0_1;Pot;amene en pot;Assis;E;O;Jambes;3;0;0;0;0;0;0;0;0;0;0;0;0;0;0;0;0;0;0;0;1;1;0;1;0;0;0
575;Indet;0_1;Pot;In situ;G;SE;O;asymetrique_thorax_tete ;3;1;1;0;0;0;0;0;0;0;0;0;1;0;0;0;0;0;0;0;0;0;0;0;0;0;0
580;Indet;0_1;Pot;In situ;G;S;E;asymetrique_jambe_thorax;2;0;0;0;0;0;0;0;0;0;0;0;0;0;0;0;1;1;0;0;0;0;1;1;0;0;0
589;Indet;0_1;Pot;In situ;Dos;SE;NO;asymetrique_jambe_thorax;3;0;0;0;0;0;0;0;0;0;0;0;0;0;0;0;1;4;1;0;0;0;0;0;0;0;0
594;Indet;0_1;Pot;In situ;Dos;SE;NE;Jambes;2;0;0;0;0;0;0;0;0;0;0;0;0;0;0;0;0;0;0;0;0;0;0;0;0;0;0
610;Indet;0_1;Pot;Hypercontraction;D;SE;Sol;tete;3;1;1;0;0;0;0;0;1;0;0;0;0;0;0;0;1;8;1;0;1;0;0;0;0;0;0
613;Indet;0_1;Pot;Hypercontraction;G;SE;N;asymetrique_jambe_tete ;2;0;0;0;0;0;0;0;0;0;0;0;0;0;0;0;1;1;1;0;0;0;1;0;0;0;0
623;Indet;0_1;Pot;In situ;D;SE;NE;Jambes;2;0;0;0;0;0;0;0;0;0;0;0;0;0;0;0;0;0;0;0;0;0;0;0;0;0;0
627;Indet;0_1;Pot;In situ;D;S;Sol;tete;2;0;0;0;0;0;0;0;0;0;0;0;0;0;0;0;0;0;0;0;0;0;0;0;0;0;0
628;Indet;0_1;Pot;In situ;G;O;Sol;thorax;3;0;0;0;0;0;0;0;0;0;0;0;0;0;0;0;0;0;0;0;0;0;0;0;0;0;0
632;Indet;0_1;Pot;In situ;G;SE;NO;tete;2;0;0;0;0;0;0;0;0;0;0;0;0;0;0;0;1;2;1;0;0;0;0;1;0;0;0
645;Indet;0_1;Pot;In situ;G;SE;Sol;Jambes;2;0;0;0;0;0;0;0;0;0;0;0;0;0;0;0;1;2;1;0;1;0;0;0;0;0;0
651;Indet;0_1;fosse simple;Hypercontraction;D;NO;SE;thorax;2;0;0;0;0;0;0;0;0;0;0;0;0;0;0;0;1;1;1;0;0;0;1;0;0;0;0
654;Indet;0_1;Pot;In situ;Dos;S;NO;asymetrique_jambe_thorax;3;1;2;0;0;0;0;0;1;0;0;0;0;0;0;0;0;0;0;0;0;0;0;0;0;0;0
658;Indet;0_1;Pot;In situ;D;SE;E;thorax;4;1;2;0;0;0;0;0;0;0;0;0;1;0;0;0;0;0;0;0;0;0;0;0;0;0;0
659;Indet;0_1;Pot;In situ;G;SE;SO;asymetrique_jambe_thorax;4;0;0;0;0;0;0;0;0;0;0;0;0;0;0;0;0;0;0;0;0;0;0;0;0;0;0
680;Indet;0_1;Pot;Hypercontraction;Ventre;SE;SE;thorax;3;1;1;0;0;0;0;0;1;0;0;0;0;0;0;0;0;0;0;0;0;1;0;1;0;0;0
682;Indet;0_1;Pot;In situ;Dos;NO;SO;thorax;3;0;0;0;0;0;0;0;0;0;0;0;0;0;0;0;1;1;0;0;1;0;0;0;0;0;0
692;Indet;0_1;fosse simple;In situ;G;E;SE;thorax;3;1;1;0;0;0;0;1;0;0;0;0;0;0;0;0;1;1;1;0;0;1;0;1;0;0;0
702;Indet;0_1;Pot;In situ;G;SE;SO;thorax;3;1;1;0;0;0;0;0;1;0;0;0;0;0;0;0;0;0;0;0;0;1;0;1;0;0;0
705;Indet;0_1;Pot;In situ;Ventre;E;Sol;thorax;3;1;1;1;0;0;0;0;0;0;0;0;0;0;0;0;0;0;0;0;0;1;0;1;0;0;0
706;Indet;0_1;Pot;In situ;Dos;NO;NE;asymetrique_jambe_thorax;2;0;0;0;0;0;0;0;0;0;0;0;0;0;0;0;0;0;0;0;0;0;0;0;0;0;0
707;Indet;0_1;Pot;Hypercontraction;G;SE;S;tete;3;1;1;0;0;0;0;0;1;0;0;0;0;0;0;0;0;0;0;0;0;0;0;0;0;0;0
708;Indet;0_1;Pot;In situ;D;S;E;Jambes;3;1;3;1;0;0;0;0;1;0;0;0;0;0;0;0;1;3;1;0;0;0;0;0;0;0;0
709;Indet;0_1;Pot;In situ;G;SE;S;thorax;2;0;0;0;0;0;0;0;0;0;0;0;0;0;0;0;0;0;0;0;0;0;0;0;0;0;0
716;Indet;0_1;fosse simple;In situ;G;SE;O;asymetrique_jambe_thorax;1;0;0;0;0;0;0;0;0;0;0;0;0;0;0;0;0;0;0;0;0;0;0;0;0;0;0
718;Indet;0_1;Pot;In situ;Dos;E;O;thorax;2;0;0;0;0;0;0;0;0;0;0;0;0;0;0;0;0;0;0;0;0;0;0;0;0;0;0
721;Indet;0_1;Pot;In situ;Ventre;SE;E;tete;2;0;0;0;0;0;0;0;0;0;0;0;0;0;0;0;0;0;0;0;0;0;0;1;0;0;0
724;Indet;0_1;fosse simple;In situ;G;SE;NO;asymetrique_jambe_tete ;2;0;0;0;0;0;0;0;0;0;0;0;0;0;0;0;1;1;1;0;0;0;0;0;0;0;0
727;Indet;0_1;Pot;In situ;Ventre;SE;sol;asymetrique_thorax_tete ;2;0;0;0;0;0;0;0;0;0;0;0;0;0;0;0;0;0;0;0;0;0;0;0;0;0;0
728;Indet;0_1;Pot;In situ;G;SE;Sol;thorax;4;0;0;0;0;0;0;0;0;0;0;0;0;0;0;0;1;1;0;1;0;0;0;0;0;0;0
733;Indet;0_1;fosse simple;In situ;G;S;O;asymetrique_thorax_tete ;1;0;0;0;0;0;0;0;0;0;0;0;0;0;0;0;0;0;0;0;0;0;0;0;0;0;0
734;Indet;0_1;fosse simple;In situ;G;O;N;Jambes;2;0;0;0;0;0;0;0;0;0;0;0;0;0;0;0;0;0;0;0;0;0;0;0;0;0;0
736;Indet;0_1;Pot;In situ;Ventre;N;Sol;asymetrique_jambe_tete ;4;1;1;0;0;0;0;0;1;0;0;0;0;0;0;1;0;0;0;0;0;0;0;0;0;0;0
737;Indet;0_1;fosse simple;In situ;Dos;S;O;thorax;2;0;0;0;0;0;0;0;0;0;0;0;0;0;0;0;1;3;1;0;0;0;0;0;0;0;0
740;Indet;0_1;fosse simple;In situ;Ventre;SE;E;asymetrique_thorax_tete ;1;0;0;0;0;0;0;0;0;0;0;0;0;0;0;0;0;0;0;0;0;0;0;0;0;0;0
742;Indet;0_1;fosse simple;In situ;G;SE;SO;thorax;1;0;0;0;0;0;0;0;0;0;0;0;0;0;0;0;0;0;0;0;0;0;0;0;0;0;0
743;Indet;0_1;fosse simple;Hypercontraction;G;SE;O;tete;1;0;0;0;0;0;0;0;0;0;0;0;0;0;0;0;0;0;0;0;0;0;0;0;0;0;0
748;Indet;0_1;Pot;In situ;D;SE;E;Jambes;3;1;5;0;0;0;0;0;1;0;0;0;0;0;0;1;0;0;0;0;0;0;0;0;0;0;0
758;Indet;0_1;fosse simple;In situ;Ventre;SE;O;asymetrique_jambe_tete ;1;0;0;0;0;0;0;0;0;0;0;0;0;0;0;0;0;0;0;0;0;0;0;0;0;0;0
759;Indet;0_1;Pot;Hypercontraction;G;SE;Sol;tete;3;0;0;0;0;0;0;0;0;0;0;0;0;0;0;0;1;5;1;1;0;0;0;0;0;0;0
766;Indet;0_1;Pot;In situ;G;SE;NO;asymetrique_jambe_tete ;4;1;1;1;0;0;0;0;0;0;0;0;0;0;0;0;0;0;0;0;0;0;0;0;0;0;0
777;Indet;0_1;fosse simple;In situ;Ventre;SE;Sol;asymetrique_thorax_tete ;1;0;0;0;0;0;0;0;0;0;0;0;0;0;0;0;1;2;1;0;0;0;0;0;0;0;0
799;Indet;0_1;Pot;In situ;Dos;O;Sol;asymetrique_jambe_thorax;3;0;0;0;0;0;0;0;0;0;0;0;0;0;0;0;0;0;0;0;0;0;0;0;0;0;0
801;Indet;0_1;fosse simple;In situ;G;SE;O;thorax;1;0;0;0;0;0;0;0;0;0;0;0;0;0;0;0;0;0;0;0;0;0;0;0;0;0;0
803;Indet;0_1;Pot;amene en pot;G;SE;NO;asymetrique_jambe_thorax;2;1;1;0;0;0;0;0;0;0;0;0;0;0;0;0;0;0;0;0;0;0;0;0;0;0;0
818;Indet;0_1;Pot;In situ;G;S;Sol;Jambes;3;1;2;0;0;0;0;0;1;0;0;0;0;0;0;0;0;0;0;0;0;0;0;0;0;0;0
819;Indet;0_1;fosse simple;In situ;G;SE;O;Jambes;4;1;2;1;0;0;0;0;0;0;0;0;0;0;0;0;1;1;1;0;0;0;0;1;0;0;0
822;Indet;0_1;Pot;In situ;G;NE;N;Jambes;4;1;3;0;0;0;0;0;1;0;0;0;0;0;0;0;1;1;0;1;0;0;0;0;0;0;0
829;Indet;0_1;Pot;In situ;G;SE;NO;asymetrique_jambe_thorax;2;0;0;0;0;0;0;0;0;0;0;0;0;0;0;0;0;0;0;0;0;0;0;0;0;0;0
853;Indet;0_1;Pot;Hypercontraction;G;SE;SO;asymetrique_jambe_thorax;3;0;0;0;0;0;0;0;0;0;0;0;0;0;0;0;0;0;0;0;0;0;0;0;0;0;0
854;Indet;0_1;fosse simple;In situ;G;N;E;asymetrique_jambe_tete ;2;0;0;0;0;0;0;0;0;0;0;0;0;0;0;0;0;0;0;0;0;0;0;0;0;0;0
875;Indet;0_1;fosse simple;Hypercontraction;D;NO;O;Jambes;3;0;0;0;0;0;0;0;0;0;0;0;0;0;0;0;0;0;0;0;0;0;0;0;0;0;0
894;Indet;0_1;fosse simple;Hypercontraction;D;S;O;tete;3;1;1;0;0;0;0;0;0;0;0;0;0;1;1;0;0;0;0;0;0;0;0;0;1;0;0
903;Indet;0_1;Coffre;In situ;G;SE;O;thorax;5;0;0;0;0;0;0;0;0;0;0;0;0;0;0;0;1;1;1;0;0;0;0;0;0;0;0
906;Indet;0_1;Coffre;In situ;Dos;SE;SO;tete;6;1;1;0;0;0;0;0;0;0;0;1;0;0;0;0;0;0;0;0;0;0;0;0;0;0;0
908;Indet;0_1;fosse simple;Hypercontraction;D;O;NE;asymetrique_jambe_tete ;2;0;0;0;0;0;0;0;0;0;0;0;0;0;0;0;0;0;0;0;0;0;0;0;0;0;0
913;Indet;0_1;Coffre;Hypercontraction;Ventre;NO;Sol;asymetrique_jambe_thorax;2;0;0;0;0;0;0;0;0;0;0;0;0;0;0;0;0;0;0;0;0;0;0;0;0;1;0
933;Indet;0_1;Coffre;In situ;Ventre;S;SE;thorax;3;0;0;0;0;0;0;0;0;0;0;0;0;0;0;0;1;1;1;0;0;0;0;0;0;0;0
939;Indet;0_1;fosse simple;In situ;D;NE;O;asymetrique_thorax_tete ;2;0;0;0;0;0;0;0;0;0;0;0;0;0;0;0;0;0;0;0;0;0;0;0;0;0;0
984;Indet;0_1;fosse simple;In situ;G;SO;Sol;asymetrique_jambe_tete ;3;1;1;1;0;0;0;0;0;0;0;0;0;0;10;0;1;1;1;0;0;0;0;0;1;0;0
882;Indet;15_19;fosse simple;Hypercontraction;G;N;O;asymetrique_jambe_thorax;1;0;0;0;0;0;0;0;0;0;0;0;0;0;0;0;1;1;1;0;0;0;0;0;0;0;0
954;Indet;15_19;fosse simple;Hypercontraction;D;NO;O;thorax;2;0;0;0;0;0;0;0;0;0;0;0;0;0;0;0;0;0;0;0;0;0;0;0;0;0;0
